<?xml version="1.0"?>
<ParameterSet subgroupType="Analysis" subgroupName="Axiom_AcropSNP.apt-geno-qc.AxiomQC1" executableName="apt-geno-qc">
    <Parameters>
        <Parameter name="cdf-file"                   currentValue="Axiom_AcropSNP.r1.cdf" />
        <Parameter name="target-sketch"              currentValue="Axiom_AcropSNP.r1.AxiomGT1.sketch" />
        <Parameter name="qcc-file"                   currentValue="Axiom_AcropSNP.r1.qcc" />
        <Parameter name="qca-file"                   currentValue="Axiom_AcropSNP.r1.qca" />
        <Parameter name="female-thresh"              currentValue="0.54" />
        <Parameter name="male-thresh"                currentValue="1.0" />
    </Parameters>
</ParameterSet>
