<?xml version="1.0"?>
<Parameters>
    <Parameter name="analysis-name" analysis="main" currentValue="AxiomGT1" />
    <Parameter name="chip-type" analysis="main" currentValue="Axiom_AcropSNP" />
    <Parameter name="chip-type" analysis="main" currentValue="Axiom_AcropSNP.r1" />
    <Parameter name="enable" analysis="artifact-reduction-node" currentValue="true" />
    <Parameter name="artifact-reduction-clip" analysis="artifact-reduction-node" currentValue="0.4" />
    <Parameter name="artifact-reduction-close" analysis="artifact-reduction-node" currentValue="2" />
    <Parameter name="artifact-reduction-open" analysis="artifact-reduction-node" currentValue="2" />
    <Parameter name="artifact-reduction-fringe" analysis="artifact-reduction-node" currentValue="4" />
    <Parameter name="artifact-reduction-cc" analysis="artifact-reduction-node" currentValue="2" />
    <Parameter name="sketch-target-scale-value" analysis="experiments-sketch-node" currentValue="1000" />
    <Parameter name="sketch-size" analysis="reference-sketch-node" currentValue="50000" />
    <Parameter name="brlmmp-CM" analysis="genotyping-node" currentValue="1" />
    <Parameter name="brlmmp-bins" analysis="genotyping-node" currentValue="100" />
    <Parameter name="brlmmp-mix" analysis="genotyping-node" currentValue="1" />
    <Parameter name="brlmmp-bic" analysis="genotyping-node" currentValue="2" />
    <Parameter name="brlmmp-lambda" analysis="genotyping-node" currentValue="1.0" />
    <Parameter name="brlmmp-HARD" analysis="genotyping-node" currentValue="3" />
    <Parameter name="brlmmp-SB" analysis="genotyping-node" currentValue="0.75" />
    <Parameter name="brlmmp-transform" analysis="genotyping-node" currentValue="MVA" />
    <Parameter name="brlmmp-copyqc" analysis="genotyping-node" currentValue="0.00000" />
    <Parameter name="brlmmp-wobble" analysis="genotyping-node" currentValue="0.2" />
    <Parameter name="brlmmp-MS" analysis="genotyping-node" currentValue="0.15" />
    <Parameter name="brlmmp-copytype" analysis="genotyping-node" currentValue="-1" />
    <Parameter name="brlmmp-clustertype" analysis="genotyping-node" currentValue="2" />
    <Parameter name="brlmmp-ocean" analysis="genotyping-node" currentValue="0.00001" />
    <Parameter name="brlmmp-CSepPen" analysis="genotyping-node" currentValue="0.1" />
    <Parameter name="brlmmp-CSepThr" analysis="genotyping-node" currentValue="4" />
    <Parameter name="brlmmp-hints" analysis="genotyping-node" currentValue="1" />
    <Parameter name="brlmmp-CP" analysis="genotyping-node" currentValue="16" />
    <Parameter name="snp-priors-input-file" analysis="genotyping-node" currentValue="Axiom_AcropSNP.r1.generic_prior.txt" />
    <Parameter name="probeset-ids" analysis="library-file-node" currentValue="Axiom_AcropSNP.r1.step1.ps" />
    <Parameter name="cdf-file" analysis="library-file-node" currentValue="Axiom_AcropSNP.r1.cdf" />
    <Parameter name="special-snps" analysis="library-file-node" currentValue="Axiom_AcropSNP.r1.specialSNPs" />
    <Parameter name="igender-female-threshold" analysis="raw-gender-node" currentValue="0.54" />
    <Parameter name="igender-male-threshold" analysis="raw-gender-node" currentValue="1.0" />
</Parameters>
